cs,coordinates,type,verweis
utm,310910.73 6973645.07 33 S,direction,16.950000000000003 112 247
utm,279377.2 6986568.3 33 S,direction,33.900000000000006 292 427

