cs,coordinates,type,verweis
utm,339346.29 6950319.97 33 S,direction,33.900000000000006 172 187
utm,310910.73 6973645.07 33 S,direction,33.900000000000006 352 367

