cs,coordinates,type,verweis
utm,304353.24 6983241.91 33 S,direction,33.900000000000006 90 270
utm,261922.42 6997816.47 33 S,direction,33.900000000000006 270 450

