cs,coordinates,type,verweis
utm,310845.22 6973659.5 33 S,direction,33.900000000000006 67 292
utm,261922.42 6997816.47 33 S,direction,33.900000000000006 247 472

